date,time,region
date,time,region
2025-03-30,17:40:47,Living Room
2025-03-30,17:40:47,Living Room
2025-03-30,17:40:47,Living Room
2025-03-30,17:40:47,Living Room
2025-03-30,17:40:47,Living Room
2025-03-30,17:40:47,Living Room
2025-03-30,17:40:47,Living Room
2025-03-30,17:40:47,Living Room
2025-03-30,17:40:48,Living Room
2025-03-30,17:40:48,Living Room
2025-03-30,17:40:48,Living Room
2025-03-30,17:40:48,Living Room
2025-03-30,17:40:48,Living Room
2025-03-30,17:40:48,Living Room
2025-03-30,17:40:48,Living Room
2025-03-30,17:40:48,Living Room
2025-03-30,17:40:48,Living Room
2025-03-30,17:40:49,Living Room
2025-03-30,17:40:49,Living Room
2025-03-30,17:40:49,Living Room
2025-03-30,17:40:49,Living Room
2025-03-30,17:40:49,Living Room
2025-03-30,17:40:49,Living Room
2025-03-30,17:40:49,Living Room
2025-03-30,17:40:49,Living Room
2025-03-30,17:40:49,Living Room
2025-03-30,17:40:49,Living Room
2025-03-30,17:40:50,Living Room
2025-03-30,17:40:50,Living Room
2025-03-30,17:40:50,Living Room
2025-03-30,17:40:50,Living Room
2025-03-30,17:40:50,Living Room
2025-03-30,17:40:50,Living Room
2025-03-30,17:40:50,Living Room
2025-03-30,17:40:50,Living Room
2025-03-30,17:40:50,Living Room
2025-03-30,17:40:51,Living Room
2025-03-30,17:40:51,Living Room
2025-03-30,17:40:51,Living Room
2025-03-30,17:40:51,Living Room
2025-03-30,17:40:51,Living Room
2025-03-30,17:40:51,Living Room
2025-03-30,17:40:51,Living Room
2025-03-30,17:40:51,Living Room
2025-03-30,17:40:51,Living Room
2025-03-30,17:40:52,Living Room
2025-03-30,17:40:52,Living Room
2025-03-30,17:40:52,Living Room
2025-03-30,17:40:52,Living Room
2025-03-30,17:40:52,Living Room
2025-03-30,17:40:52,Living Room
2025-03-30,17:40:52,Living Room
2025-03-30,17:40:52,Living Room
2025-03-30,17:40:52,Living Room
2025-03-30,17:40:52,Living Room
2025-03-30,17:40:53,Living Room
2025-03-30,17:40:53,Living Room
2025-03-30,17:40:53,Living Room
2025-03-30,17:40:53,Living Room
2025-03-30,17:40:53,Living Room
2025-03-30,17:40:53,Living Room
2025-03-30,17:40:53,Living Room
2025-03-30,17:40:53,Living Room
2025-03-30,17:40:53,Living Room
2025-03-30,17:40:54,Living Room
2025-03-30,17:40:54,Living Room
2025-03-30,17:40:54,Living Room
2025-03-30,17:40:54,Living Room
2025-03-30,17:40:54,Living Room
2025-03-30,17:40:54,Living Room
2025-03-30,17:40:54,Living Room
2025-03-30,17:40:54,Living Room
2025-03-30,17:40:54,Living Room
2025-03-30,17:40:54,Living Room
2025-03-30,17:40:55,Living Room
2025-03-30,17:40:55,Living Room
2025-03-30,17:40:55,Living Room
2025-03-30,17:40:55,Living Room
2025-03-30,17:40:55,Living Room
2025-03-30,17:40:55,Living Room
2025-03-30,17:40:55,Living Room
2025-03-30,17:40:55,Living Room
2025-03-30,17:40:55,Living Room
2025-03-30,17:40:56,Living Room
2025-03-30,17:40:56,Living Room
2025-03-30,17:40:56,Living Room
2025-03-30,17:40:56,Living Room
2025-03-30,17:40:56,Living Room
2025-03-30,17:40:56,Living Room
2025-03-30,17:40:56,Living Room
2025-03-30,17:40:56,Living Room
2025-03-30,17:40:56,Living Room
2025-03-30,17:40:57,Living Room
2025-03-30,17:40:57,Living Room
2025-03-30,17:40:57,Living Room
2025-03-30,17:40:57,Living Room
2025-03-30,17:40:57,Living Room
2025-03-30,17:40:57,Living Room
2025-03-30,17:40:57,Living Room
2025-03-30,17:40:57,Living Room
2025-03-30,17:40:58,Living Room
2025-03-30,17:40:58,Living Room
2025-03-30,17:40:58,Living Room
2025-03-30,17:40:58,Living Room
2025-03-30,17:40:58,Living Room
2025-03-30,17:40:58,Living Room
2025-03-30,17:40:59,Living Room
2025-03-30,17:40:59,Living Room
2025-03-30,17:40:59,Living Room
2025-03-30,17:40:59,Living Room
2025-03-30,17:40:59,Living Room
2025-03-30,17:40:59,Living Room
2025-03-30,17:40:59,Living Room
2025-03-30,17:41:00,Living Room
2025-03-30,17:41:00,Living Room
2025-03-30,17:41:00,Living Room
2025-03-30,17:41:00,Living Room
2025-03-30,17:41:00,Living Room
2025-03-30,17:41:00,Living Room
2025-03-30,17:41:01,Living Room
2025-03-30,17:41:01,Living Room
2025-03-30,17:41:01,Living Room
2025-03-30,17:41:01,Living Room
2025-03-30,17:41:01,Living Room
2025-03-30,17:41:01,Living Room
2025-03-30,17:41:01,Living Room
2025-03-30,17:41:02,Living Room
2025-03-30,17:41:02,Living Room
2025-03-30,17:41:02,Living Room
2025-03-30,17:41:02,Living Room
2025-03-30,17:41:02,Living Room
2025-03-30,17:41:02,Living Room
2025-03-30,17:41:03,Living Room
2025-03-30,17:41:03,Living Room
2025-03-30,17:41:03,Living Room
2025-03-30,17:41:03,Living Room
2025-03-30,17:41:03,Living Room
2025-03-30,17:41:03,Living Room
2025-03-30,17:41:03,Living Room
2025-03-30,17:41:04,Living Room
2025-03-30,17:41:04,Living Room
2025-03-30,17:41:04,Living Room
2025-03-30,17:41:04,Living Room
2025-03-30,17:41:04,Living Room
2025-03-30,17:41:04,Living Room
2025-03-30,17:41:04,Living Room
2025-03-30,17:41:04,Living Room
2025-03-30,17:41:05,Living Room
2025-03-30,17:41:05,Living Room
2025-03-30,17:41:05,Living Room
2025-03-30,17:41:05,Living Room
2025-03-30,17:41:05,Living Room
2025-03-30,17:41:13,Living Room
2025-03-30,17:41:13,Living Room
2025-03-30,17:41:13,Living Room
2025-03-30,17:41:13,Living Room
2025-03-30,17:41:13,Living Room
2025-03-30,17:41:13,Living Room
2025-03-30,17:41:13,Living Room
2025-03-30,17:41:13,Living Room
2025-03-30,17:41:14,Living Room
2025-03-30,17:41:14,Living Room
2025-03-30,17:41:14,Living Room
2025-03-30,17:41:14,Living Room
2025-03-30,17:41:14,Living Room
2025-03-30,17:41:14,Living Room
2025-03-30,17:41:14,Living Room
2025-03-30,17:41:14,Living Room
2025-03-30,17:41:14,Living Room
2025-03-30,17:41:15,Living Room
2025-03-30,17:41:15,Living Room
2025-03-30,17:41:15,Living Room
2025-03-30,17:41:15,Living Room
2025-03-30,17:41:15,Living Room
2025-03-30,17:41:15,Living Room
2025-03-30,17:41:15,Living Room
2025-03-30,17:41:15,Living Room
2025-03-30,17:41:15,Living Room
2025-03-30,17:41:15,Living Room
2025-03-30,17:41:16,Living Room
2025-03-30,17:41:16,Living Room
2025-03-30,17:41:16,Living Room
2025-03-30,17:41:16,Living Room
2025-03-30,17:41:16,Living Room
2025-03-30,17:41:16,Living Room
2025-03-30,17:41:16,Living Room
2025-03-30,17:41:16,Living Room
2025-03-30,17:41:16,Living Room
2025-03-30,17:41:16,Living Room
2025-03-30,17:41:17,Living Room
2025-03-30,17:41:17,Living Room
2025-03-30,17:41:17,Living Room
2025-03-30,17:41:17,Living Room
2025-03-30,17:41:17,Living Room
2025-03-30,17:41:17,Living Room
2025-03-30,17:41:17,Living Room
2025-03-30,17:41:17,Living Room
2025-03-30,17:41:17,Living Room
2025-03-30,17:41:18,Living Room
2025-03-30,17:41:18,Living Room
2025-03-30,17:41:18,Living Room
2025-03-30,17:41:18,Living Room
2025-03-30,17:41:18,Living Room
2025-03-30,17:41:18,Living Room
2025-03-30,17:41:18,Living Room
2025-03-30,17:41:18,Living Room
2025-03-30,17:41:19,Living Room
2025-03-30,17:41:19,Living Room
2025-03-30,17:41:19,Living Room
2025-03-30,17:41:19,Living Room
2025-03-30,17:41:19,Living Room
2025-03-30,17:41:19,Living Room
2025-03-30,17:41:19,Living Room
2025-03-30,17:41:20,Living Room
2025-03-30,17:41:20,Living Room
2025-03-30,17:41:20,Living Room
2025-03-30,17:41:20,Living Room
2025-03-30,17:41:20,Living Room
2025-03-30,17:41:20,Living Room
2025-03-30,17:41:20,Living Room
2025-03-30,17:41:20,Living Room
2025-03-30,17:41:20,Living Room
2025-03-30,17:41:20,Living Room
2025-03-30,17:41:21,Living Room
2025-03-30,17:41:21,Living Room
2025-03-30,17:41:21,Living Room
2025-03-30,17:41:21,Living Room
2025-03-30,17:41:21,Living Room
2025-03-30,17:41:21,Living Room
2025-03-30,17:41:21,Living Room
2025-03-30,17:41:21,Living Room
2025-03-30,17:41:22,Living Room
2025-03-30,17:41:22,Living Room
2025-03-30,17:41:22,Living Room
2025-03-30,17:41:22,Living Room
2025-03-30,17:41:22,Living Room
2025-03-30,17:41:22,Living Room
2025-03-30,17:41:23,Living Room
2025-03-30,17:41:23,Living Room
2025-03-30,17:41:23,Living Room
2025-03-30,17:41:23,Living Room
2025-03-30,17:41:23,Living Room
2025-03-30,17:41:23,Living Room
2025-03-30,17:41:23,Living Room
2025-03-30,17:41:24,Living Room
2025-03-30,17:41:24,Living Room
2025-03-30,17:41:24,Living Room
2025-03-30,17:41:24,Living Room
2025-03-30,17:41:24,Living Room
2025-03-30,17:41:24,Living Room
2025-03-30,17:41:25,Living Room
2025-03-30,17:41:25,Living Room
2025-03-30,17:41:25,Living Room
2025-03-30,17:41:25,Living Room
2025-03-30,17:41:25,Living Room
2025-03-30,17:41:25,Living Room
2025-03-30,17:41:26,Living Room
2025-03-30,17:41:26,Living Room
2025-03-30,17:41:26,Living Room
2025-03-30,17:41:26,Living Room
2025-03-30,17:41:26,Living Room
2025-03-30,17:41:26,Living Room
2025-03-30,17:41:27,Living Room
2025-03-30,17:41:27,Living Room
2025-03-30,17:41:27,Living Room
2025-03-30,17:41:27,Living Room
2025-03-30,17:41:27,Living Room
2025-03-30,17:41:27,Living Room
2025-03-30,17:41:28,Living Room
2025-03-30,17:41:28,Living Room
2025-03-30,17:41:28,Living Room
2025-03-30,17:41:28,Living Room
2025-03-30,17:41:28,Living Room
2025-03-30,17:41:28,Living Room
2025-03-30,17:41:29,Living Room
2025-03-30,17:41:29,Living Room
2025-03-30,17:41:29,Living Room
2025-03-30,17:41:29,Living Room
2025-03-30,17:41:29,Living Room
2025-03-30,17:41:29,Living Room
2025-03-30,17:41:29,Living Room
2025-03-30,17:41:30,Living Room
2025-03-30,17:41:30,Living Room
2025-03-30,17:41:30,Living Room
2025-03-30,17:41:30,Living Room
2025-03-30,17:41:30,Living Room
2025-03-30,17:41:30,Living Room
2025-03-30,17:41:30,Living Room
2025-03-30,17:41:31,Living Room
2025-03-30,17:41:31,Living Room
2025-03-30,17:41:31,Living Room
2025-03-30,17:41:31,Living Room
2025-03-30,17:41:31,Living Room
2025-03-30,17:41:31,Living Room
2025-03-30,17:41:32,Living Room
2025-03-30,17:41:32,Living Room
2025-03-30,17:41:32,Living Room
2025-03-30,17:41:32,Living Room
2025-03-30,17:41:32,Living Room
2025-03-30,17:41:32,Living Room
2025-03-30,17:41:32,Living Room
2025-03-30,17:41:33,Living Room
2025-03-30,17:41:33,Living Room
2025-03-30,17:41:33,Living Room
2025-03-30,17:41:33,Living Room
2025-03-30,17:41:33,Living Room
2025-03-30,17:41:33,Living Room
2025-03-30,17:41:33,Living Room
2025-03-30,17:41:33,Living Room
2025-03-30,17:41:33,Living Room
2025-03-30,17:41:34,Bedroom
2025-03-30,17:41:34,Bedroom
2025-03-30,17:41:34,Bedroom
2025-03-30,17:41:34,Bedroom
2025-03-30,17:41:34,Bedroom
2025-03-30,17:41:36,Bedroom
2025-03-30,17:41:36,Bedroom
2025-03-30,17:41:36,Bedroom
2025-03-30,17:41:36,Bedroom
2025-03-30,17:41:36,Bedroom
2025-03-30,17:41:37,Bedroom
2025-03-30,17:41:37,Bedroom
2025-03-30,17:41:37,Bedroom
2025-03-30,17:41:37,Bedroom
2025-03-30,17:41:37,Bedroom
2025-03-30,17:41:37,Living Room
2025-03-30,17:41:38,Living Room
2025-03-30,17:41:38,Living Room
2025-03-30,17:41:38,Living Room
2025-03-30,17:41:38,Living Room
2025-03-30,17:41:38,Living Room
2025-03-30,17:41:38,Living Room
2025-03-30,17:41:38,Living Room
2025-03-30,17:41:38,Living Room
2025-03-30,17:41:38,Living Room
2025-03-30,17:41:39,Kitchen
2025-03-30,17:41:39,Kitchen
2025-03-30,17:41:39,Kitchen
2025-03-30,17:41:39,Kitchen
2025-03-30,17:41:39,Kitchen
2025-03-30,17:41:39,Kitchen
2025-03-30,17:41:39,Kitchen
2025-03-30,17:41:40,Kitchen
2025-03-30,17:41:40,Kitchen
2025-03-30,17:41:40,Kitchen
2025-03-30,17:41:40,Kitchen
2025-03-30,17:41:40,Kitchen
2025-03-30,17:41:40,Kitchen
2025-03-30,17:41:40,Kitchen
2025-03-30,17:41:40,Living Room
2025-03-30,17:41:40,Living Room
2025-03-30,17:41:41,Living Room
2025-03-30,17:41:41,Living Room
2025-03-30,17:41:41,Living Room
2025-03-30,17:41:41,Living Room
2025-03-30,17:41:41,Living Room
2025-03-30,17:41:41,Living Room
2025-03-30,17:41:41,Living Room
2025-03-30,17:41:41,Living Room
2025-03-30,17:41:41,Living Room
2025-03-30,17:41:42,Living Room
2025-03-30,17:41:42,Living Room
2025-03-30,17:41:42,Living Room
2025-03-30,17:41:42,Living Room
2025-03-30,17:41:42,Living Room
2025-03-30,17:41:42,Living Room
2025-03-30,17:41:42,Living Room
2025-03-30,17:41:42,Living Room
2025-03-30,17:41:42,Living Room
2025-03-30,17:41:43,Living Room
2025-03-30,17:41:43,Living Room
2025-03-30,17:41:43,Living Room
2025-03-30,17:41:43,Living Room
2025-03-30,17:41:43,Living Room
2025-03-30,17:41:43,Living Room
2025-03-30,17:41:43,Living Room
2025-03-30,17:41:43,Living Room
2025-03-30,17:41:44,Living Room
2025-03-30,17:41:44,Living Room
2025-03-30,17:41:44,Living Room
2025-03-30,17:41:44,Living Room
2025-03-30,17:41:44,Living Room
2025-03-30,17:41:44,Living Room
2025-03-30,17:41:44,Living Room
2025-03-30,17:41:44,Living Room
2025-03-30,17:41:44,Living Room
2025-03-30,17:41:44,Living Room
2025-03-30,17:41:45,Living Room
2025-03-30,17:41:45,Living Room
2025-03-30,17:41:45,Living Room
date,time,region
2025-03-30,17:42:46,Living Room
2025-03-30,17:42:46,Living Room
2025-03-30,17:42:46,Living Room
2025-03-30,17:42:46,Living Room
2025-03-30,17:42:47,Living Room
2025-03-30,17:42:47,Living Room
2025-03-30,17:42:47,Living Room
2025-03-30,17:42:47,Living Room
2025-03-30,17:42:47,Living Room
2025-03-30,17:42:47,Living Room
2025-03-30,17:42:47,Living Room
2025-03-30,17:42:47,Living Room
2025-03-30,17:42:47,Living Room
2025-03-30,17:42:47,Living Room
2025-03-30,17:42:48,Living Room
2025-03-30,17:42:48,Living Room
2025-03-30,17:42:48,Living Room
2025-03-30,17:42:48,Living Room
2025-03-30,17:42:48,Living Room
2025-03-30,17:42:48,Living Room
2025-03-30,17:42:48,Living Room
2025-03-30,17:42:48,Living Room
2025-03-30,17:42:48,Living Room
2025-03-30,17:42:49,Living Room
2025-03-30,17:42:49,Living Room
2025-03-30,17:42:49,Living Room
2025-03-30,17:42:49,Living Room
2025-03-30,17:42:49,Living Room
2025-03-30,17:42:49,Living Room
2025-03-30,17:42:49,Living Room
2025-03-30,17:42:49,Living Room
2025-03-30,17:42:49,Living Room
2025-03-30,17:42:50,Living Room
2025-03-30,17:42:50,Living Room
2025-03-30,17:42:50,Living Room
2025-03-30,17:42:50,Living Room
2025-03-30,17:42:50,Living Room
2025-03-30,17:42:50,Living Room
2025-03-30,17:42:50,Living Room
2025-03-30,17:42:50,Living Room
2025-03-30,17:42:50,Living Room
2025-03-30,17:42:51,Living Room
2025-03-30,17:42:51,Living Room
2025-03-30,17:42:51,Living Room
2025-03-30,17:42:51,Living Room
2025-03-30,17:42:51,Living Room
2025-03-30,17:42:51,Living Room
2025-03-30,17:42:51,Living Room
2025-03-30,17:42:51,Living Room
2025-03-30,17:42:51,Living Room
2025-03-30,17:42:51,Living Room
2025-03-30,17:42:52,Living Room
2025-03-30,17:42:52,Living Room
2025-03-30,17:42:52,Living Room
2025-03-30,17:42:52,Living Room
2025-03-30,17:42:52,Living Room
2025-03-30,17:42:52,Living Room
2025-03-30,17:42:52,Living Room
2025-03-30,17:42:52,Living Room
2025-03-30,17:42:52,Living Room
2025-03-30,17:42:52,Living Room
2025-03-30,17:42:53,Living Room
2025-03-30,17:42:53,Living Room
2025-03-30,17:42:53,Living Room
2025-03-30,17:42:54,Bedroom
2025-03-30,17:42:54,Bedroom
2025-03-30,17:42:54,Bedroom
2025-03-30,17:42:54,Bedroom
2025-03-30,17:42:54,Bedroom
2025-03-30,17:42:54,Bedroom
2025-03-30,17:42:54,Bedroom
2025-03-30,17:42:54,Bedroom
2025-03-30,17:42:54,Bedroom
2025-03-30,17:42:55,Bedroom
2025-03-30,17:42:55,Bedroom
2025-03-30,17:42:55,Bedroom
2025-03-30,17:42:55,Bedroom
2025-03-30,17:42:55,Bedroom
2025-03-30,17:42:55,Bedroom
2025-03-30,17:42:55,Bedroom
2025-03-30,17:42:55,Living Room
2025-03-30,17:42:56,Living Room
2025-03-30,17:42:56,Living Room
2025-03-30,17:42:56,Living Room
2025-03-30,17:42:56,Living Room
2025-03-30,17:42:56,Living Room
2025-03-30,17:42:56,Living Room
2025-03-30,17:42:56,Living Room
2025-03-30,17:42:56,Living Room
2025-03-30,17:42:57,Kitchen
2025-03-30,17:42:57,Kitchen
2025-03-30,17:42:57,Kitchen
2025-03-30,17:42:57,Kitchen
2025-03-30,17:42:58,Kitchen
2025-03-30,17:42:58,Kitchen
2025-03-30,17:42:58,Kitchen
2025-03-30,17:42:58,Kitchen
2025-03-30,17:42:58,Kitchen
2025-03-30,17:42:58,Kitchen
2025-03-30,17:42:58,Kitchen
2025-03-30,17:42:58,Kitchen
2025-03-30,17:42:58,Kitchen
2025-03-30,17:42:59,Kitchen
2025-03-30,17:42:59,Kitchen
2025-03-30,17:42:59,Kitchen
2025-03-30,17:42:59,Kitchen
2025-03-30,17:42:59,Kitchen
2025-03-30,17:42:59,Kitchen
2025-03-30,17:42:59,Kitchen
2025-03-30,17:43:00,Living Room
2025-03-30,17:43:00,Living Room
2025-03-30,17:43:00,Living Room
2025-03-30,17:43:00,Living Room
2025-03-30,17:43:00,Living Room
2025-03-30,17:43:00,Living Room
2025-03-30,17:43:00,Living Room
2025-03-30,17:43:00,Living Room
2025-03-30,17:43:00,Living Room
2025-03-30,17:43:01,Living Room
2025-03-30,17:43:01,Living Room
2025-03-30,17:43:01,Living Room
2025-03-30,17:43:01,Living Room
2025-03-30,17:43:01,Living Room
2025-03-30,17:43:01,Living Room
2025-03-30,17:43:01,Living Room
2025-03-30,17:43:01,Living Room
2025-03-30,17:43:01,Living Room
2025-03-30,17:43:02,Living Room
2025-03-30,17:43:02,Living Room
2025-03-30,17:43:02,Living Room
2025-03-30,17:43:02,Living Room
2025-03-30,17:43:02,Living Room
2025-03-30,17:43:02,Living Room
2025-03-30,17:43:02,Living Room
2025-03-30,17:43:04,Living Room
2025-03-30,17:43:04,Living Room
2025-03-30,17:43:04,Living Room
2025-03-30,17:43:04,Living Room
2025-03-30,17:43:05,Living Room
2025-03-30,17:43:05,Living Room
2025-03-30,17:43:06,Bedroom
2025-03-30,17:43:08,Bedroom
2025-03-30,17:43:08,Bedroom
2025-03-30,17:43:08,Bedroom
2025-03-30,17:43:08,Bedroom
2025-03-30,17:43:08,Bedroom
2025-03-30,17:43:08,Bedroom
2025-03-30,17:43:08,Bedroom
2025-03-30,17:43:08,Bedroom
2025-03-30,17:43:08,Bedroom
2025-03-30,17:43:08,Bedroom
2025-03-30,17:43:09,Bedroom
2025-03-30,17:43:09,Bedroom
2025-03-30,17:43:09,Bedroom
2025-03-30,17:43:09,Bedroom
2025-03-30,17:43:09,Bedroom
2025-03-30,17:43:09,Bedroom
2025-03-30,17:43:09,Bedroom
2025-03-30,17:43:09,Bedroom
2025-03-30,17:43:09,Bedroom
2025-03-30,17:43:10,Bedroom
2025-03-30,17:43:10,Bedroom
2025-03-30,17:43:10,Bedroom
2025-03-30,17:43:10,Bedroom
2025-03-30,17:43:10,Bedroom
2025-03-30,17:43:10,Bedroom
2025-03-30,17:43:10,Bedroom
2025-03-30,17:43:10,Bedroom
2025-03-30,17:43:10,Bedroom
2025-03-30,17:43:11,Bedroom
2025-03-30,17:43:11,Living Room
2025-03-30,17:43:11,Living Room
2025-03-30,17:43:11,Living Room
2025-03-30,17:43:11,Living Room
2025-03-30,17:43:12,Living Room
2025-03-30,17:43:12,Living Room
2025-03-30,17:43:12,Living Room
2025-03-30,17:43:12,Living Room
2025-03-30,17:43:12,Living Room
2025-03-30,17:43:12,Living Room
2025-03-30,17:43:12,Kitchen
2025-03-30,17:43:12,Kitchen
2025-03-30,17:43:12,Kitchen
2025-03-30,17:43:13,Kitchen
2025-03-30,17:43:13,Kitchen
2025-03-30,17:43:13,Kitchen
2025-03-30,17:43:13,Kitchen
2025-03-30,17:43:13,Kitchen
2025-03-30,17:43:13,Kitchen
2025-03-30,17:43:13,Kitchen
2025-03-30,17:43:13,Kitchen
2025-03-30,17:43:13,Kitchen
2025-03-30,17:43:14,Kitchen
2025-03-30,17:43:14,Kitchen
2025-03-30,17:43:14,Kitchen
2025-03-30,17:43:14,Kitchen
2025-03-30,17:43:14,Kitchen
2025-03-30,17:43:14,Kitchen
2025-03-30,17:43:14,Kitchen
2025-03-30,17:43:14,Kitchen
2025-03-30,17:43:14,Kitchen
2025-03-30,17:43:14,Kitchen
2025-03-30,17:43:15,Kitchen
2025-03-30,17:43:15,Kitchen
2025-03-30,17:43:15,Kitchen
2025-03-30,17:43:15,Kitchen
2025-03-30,17:43:15,Kitchen
2025-03-30,17:43:15,Kitchen
2025-03-30,17:43:15,Kitchen
2025-03-30,17:43:15,Kitchen
2025-03-30,17:43:15,Kitchen
2025-03-30,17:43:16,Kitchen
2025-03-30,17:43:16,Kitchen
2025-03-30,17:43:16,Kitchen
2025-03-30,17:43:16,Kitchen
2025-03-30,17:43:16,Kitchen
2025-03-30,17:43:16,Kitchen
2025-03-30,17:43:16,Kitchen
2025-03-30,17:43:16,Kitchen
2025-03-30,17:43:16,Kitchen
2025-03-30,17:43:16,Kitchen
2025-03-30,17:43:17,Kitchen
2025-03-30,17:43:17,Kitchen
2025-03-30,17:43:17,Kitchen
2025-03-30,17:43:17,Kitchen
2025-03-30,17:43:17,Kitchen
2025-03-30,17:43:17,Kitchen
2025-03-30,17:43:17,Kitchen
2025-03-30,17:43:18,Living Room
2025-03-30,17:43:18,Living Room
2025-03-30,17:43:18,Living Room
2025-03-30,17:43:18,Living Room
2025-03-30,17:43:18,Living Room
2025-03-30,17:43:18,Living Room
2025-03-30,17:43:18,Living Room
2025-03-30,17:43:18,Living Room
2025-03-30,17:43:18,Living Room
2025-03-30,17:43:19,Living Room
2025-03-30,17:43:19,Living Room
2025-03-30,17:43:19,Living Room
2025-03-30,17:43:19,Living Room
2025-03-30,17:43:19,Living Room
2025-03-30,17:43:19,Living Room
2025-03-30,17:43:19,Living Room
2025-03-30,17:43:19,Living Room
2025-03-30,17:43:19,Living Room
2025-03-30,17:43:19,Living Room
2025-03-30,17:43:20,Living Room
2025-03-30,17:43:20,Living Room
2025-03-30,17:43:20,Living Room
2025-03-30,17:43:20,Living Room
2025-03-30,17:43:20,Living Room
2025-03-30,17:43:20,Living Room
2025-03-30,17:43:20,Living Room
2025-03-30,17:43:20,Living Room
2025-03-30,17:43:20,Living Room
2025-03-30,17:43:21,Living Room
2025-03-30,17:43:21,Living Room
2025-03-30,17:43:21,Living Room
2025-03-30,17:43:21,Living Room
2025-03-30,17:43:21,Living Room
2025-03-30,17:43:21,Living Room
2025-03-30,17:43:21,Living Room
2025-03-30,17:43:21,Living Room
2025-03-30,17:43:21,Living Room
2025-03-30,17:43:21,Living Room
2025-03-30,17:43:22,Living Room
2025-03-30,17:43:22,Living Room
2025-03-30,17:43:22,Living Room
2025-03-30,17:43:22,Living Room
2025-03-30,17:43:22,Living Room
2025-03-30,17:43:22,Living Room
2025-03-30,17:43:22,Living Room
2025-03-30,17:43:22,Living Room
2025-03-30,17:43:22,Living Room
2025-03-30,17:43:23,Living Room
2025-03-30,17:43:23,Living Room
2025-03-30,17:43:23,Living Room
2025-03-30,17:43:23,Living Room
2025-03-30,17:43:23,Living Room
2025-03-30,17:43:23,Living Room
2025-03-30,17:43:23,Living Room
2025-03-30,17:43:23,Living Room
2025-03-30,17:43:23,Living Room
2025-03-30,17:43:24,Living Room
2025-03-30,17:43:24,Living Room
2025-03-30,17:43:24,Living Room
2025-03-30,17:43:24,Living Room
2025-03-30,17:43:24,Living Room
2025-03-30,17:43:24,Living Room
2025-03-30,17:43:24,Living Room
2025-03-30,17:43:24,Living Room
2025-03-30,17:43:24,Living Room
2025-03-30,17:43:24,Living Room
2025-03-30,17:43:25,Living Room
2025-03-30,17:43:25,Living Room
2025-03-30,17:43:25,Living Room
2025-03-30,17:43:25,Living Room
2025-03-30,17:43:25,Living Room
2025-03-30,17:43:25,Living Room
2025-03-30,17:43:25,Living Room
2025-03-30,17:43:25,Living Room
2025-03-30,17:43:25,Living Room
2025-03-30,17:43:26,Living Room
2025-03-30,17:43:26,Living Room
2025-03-30,17:43:26,Living Room
2025-03-30,17:43:26,Living Room
2025-03-30,17:43:26,Living Room
2025-03-30,17:43:26,Living Room
2025-03-30,17:43:26,Living Room
2025-03-30,17:43:26,Living Room
2025-03-30,17:43:26,Living Room
2025-03-30,17:43:26,Living Room
2025-03-30,17:43:27,Living Room
2025-03-30,17:43:27,Living Room
2025-03-30,17:43:27,Living Room
2025-03-30,17:43:27,Living Room
2025-03-30,17:43:27,Living Room
2025-03-30,17:43:27,Living Room
2025-03-30,17:43:27,Living Room
2025-03-30,17:43:27,Living Room
2025-03-30,17:43:27,Living Room
2025-03-30,17:43:28,Living Room
2025-03-30,17:43:28,Living Room
2025-03-30,17:43:28,Living Room
2025-03-30,17:43:28,Living Room
2025-03-30,17:43:28,Living Room
2025-03-30,17:43:28,Living Room
2025-03-30,17:43:28,Living Room
2025-03-30,17:43:28,Living Room
2025-03-30,17:43:28,Living Room
2025-03-30,17:43:29,Living Room
2025-03-30,17:43:29,Living Room
2025-03-30,17:43:29,Living Room
2025-03-30,17:43:29,Living Room
2025-03-30,17:43:29,Living Room
2025-03-30,17:43:29,Living Room
2025-03-30,17:43:29,Living Room
2025-03-30,17:43:29,Living Room
2025-03-30,17:43:29,Living Room
2025-03-30,17:43:29,Living Room
2025-03-30,17:43:30,Living Room
2025-03-30,17:43:30,Living Room
2025-03-30,17:43:30,Living Room
2025-03-30,17:43:30,Living Room
2025-03-30,17:43:30,Living Room
2025-03-30,17:43:30,Living Room
2025-03-30,17:43:30,Living Room
2025-03-30,17:43:30,Living Room
2025-03-30,17:43:30,Living Room
2025-03-30,17:43:31,Living Room
2025-03-30,17:43:31,Living Room
2025-03-30,17:43:31,Living Room
2025-03-30,17:43:31,Living Room
2025-03-30,17:43:31,Living Room
2025-03-30,17:43:31,Living Room
2025-03-30,17:43:31,Living Room
2025-03-30,17:43:31,Living Room
2025-03-30,17:43:31,Living Room
2025-03-30,17:43:31,Living Room
2025-03-30,17:43:32,Living Room
2025-03-30,17:43:32,Living Room
2025-03-30,17:43:32,Living Room
2025-03-30,17:43:32,Living Room
2025-03-30,17:43:32,Living Room
2025-03-30,17:43:32,Living Room
2025-03-30,17:43:32,Living Room
2025-03-30,17:43:32,Living Room
2025-03-30,17:43:32,Living Room
2025-03-30,17:43:33,Living Room
2025-03-30,17:43:33,Living Room
2025-03-30,17:43:33,Living Room
2025-03-30,17:43:33,Living Room
2025-03-30,17:43:33,Living Room
2025-03-30,17:43:33,Living Room
2025-03-30,17:43:33,Living Room
2025-03-30,17:43:33,Living Room
2025-03-30,17:43:33,Living Room
2025-03-30,17:43:34,Living Room
2025-03-30,17:43:34,Living Room
2025-03-30,17:43:34,Living Room
2025-03-30,17:43:34,Living Room
2025-03-30,17:43:34,Living Room
2025-03-30,17:43:34,Living Room
2025-03-30,17:43:34,Living Room
2025-03-30,17:43:34,Living Room
2025-03-30,17:43:34,Living Room
2025-03-30,17:43:35,Living Room
2025-03-30,17:43:35,Living Room
2025-03-30,17:43:35,Living Room
2025-03-30,17:43:35,Living Room
2025-03-30,17:43:35,Living Room
2025-03-30,17:43:35,Living Room
2025-03-30,17:43:35,Living Room
2025-03-30,17:43:35,Living Room
2025-03-30,17:43:35,Living Room
2025-03-30,17:43:35,Living Room
2025-03-30,17:43:36,Living Room
2025-03-30,17:43:36,Living Room
2025-03-30,17:43:36,Living Room
2025-03-30,17:43:36,Living Room
2025-03-30,17:43:36,Living Room
2025-03-30,17:43:36,Living Room
2025-03-30,17:43:36,Living Room
2025-03-30,17:43:36,Living Room
2025-03-30,17:43:36,Living Room
2025-03-30,17:43:37,Living Room
2025-03-30,17:43:37,Living Room
2025-03-30,17:43:37,Living Room
2025-03-30,17:43:37,Living Room
2025-03-30,17:43:37,Living Room
2025-03-30,17:43:37,Living Room
2025-03-30,17:43:37,Living Room
2025-03-30,17:43:37,Living Room
2025-03-30,17:43:37,Living Room
2025-03-30,17:43:37,Living Room
2025-03-30,17:43:38,Living Room
2025-03-30,17:43:38,Living Room
2025-03-30,17:43:38,Living Room
2025-03-30,17:43:38,Living Room
2025-03-30,17:43:38,Living Room
2025-03-30,17:43:38,Living Room
2025-03-30,17:43:38,Living Room
2025-03-30,17:43:38,Living Room
2025-03-30,17:43:38,Living Room
2025-03-30,17:43:39,Living Room
2025-03-30,17:43:39,Living Room
2025-03-30,17:43:39,Living Room
2025-03-30,17:43:39,Living Room
2025-03-30,17:43:39,Living Room
2025-03-30,17:43:39,Living Room
2025-03-30,17:43:39,Living Room
2025-03-30,17:43:39,Living Room
2025-03-30,17:43:39,Living Room
2025-03-30,17:43:40,Living Room
2025-03-30,17:43:40,Living Room
2025-03-30,17:43:40,Living Room
2025-03-30,17:43:40,Living Room
2025-03-30,17:43:40,Living Room
2025-03-30,17:43:40,Living Room
2025-03-30,17:43:40,Living Room
2025-03-30,17:43:40,Living Room
2025-03-30,17:43:40,Living Room
2025-03-30,17:43:40,Living Room
2025-03-30,17:43:41,Living Room
2025-03-30,17:43:41,Living Room
2025-03-30,17:43:41,Living Room
2025-03-30,17:43:41,Living Room
2025-03-30,17:43:41,Living Room
2025-03-30,17:43:41,Living Room
2025-03-30,17:43:41,Living Room
2025-03-30,17:43:41,Living Room
2025-03-30,17:43:41,Living Room
2025-03-30,17:43:42,Living Room
2025-03-30,17:43:42,Living Room
2025-03-30,17:43:42,Living Room
2025-03-30,17:43:42,Living Room
2025-03-30,17:43:42,Living Room
2025-03-30,17:43:42,Living Room
2025-03-30,17:43:42,Living Room
2025-03-30,17:43:42,Living Room
2025-03-30,17:43:42,Living Room
2025-03-30,17:43:43,Living Room
2025-03-30,17:43:43,Living Room
2025-03-30,17:43:43,Living Room
2025-03-30,17:43:43,Living Room
2025-03-30,17:43:43,Living Room
2025-03-30,17:43:43,Living Room
2025-03-30,17:43:43,Living Room
2025-03-30,17:43:43,Living Room
2025-03-30,17:43:43,Living Room
2025-03-30,17:43:44,Living Room
2025-03-30,17:43:44,Living Room
2025-03-30,17:43:44,Living Room
2025-03-30,17:43:44,Living Room
2025-03-30,17:43:44,Living Room
2025-03-30,17:43:44,Living Room
2025-03-30,17:43:44,Living Room
2025-03-30,17:43:44,Living Room
2025-03-30,17:43:44,Living Room
2025-03-30,17:43:44,Living Room
2025-03-30,17:43:45,Living Room
2025-03-30,17:43:45,Living Room
2025-03-30,17:43:45,Living Room
2025-03-30,17:43:45,Living Room
2025-03-30,17:43:45,Living Room
2025-03-30,17:43:45,Living Room
2025-03-30,17:43:45,Living Room
2025-03-30,17:43:45,Living Room
2025-03-30,17:43:45,Living Room
2025-03-30,17:43:46,Living Room
2025-03-30,17:43:46,Living Room
2025-03-30,17:43:46,Living Room
2025-03-30,17:43:46,Living Room
2025-03-30,17:43:46,Living Room
2025-03-30,17:43:46,Living Room
2025-03-30,17:43:46,Living Room
2025-03-30,17:43:46,Living Room
2025-03-30,17:43:46,Living Room
2025-03-30,17:43:46,Living Room
2025-03-30,17:43:47,Living Room
2025-03-30,17:43:47,Living Room
2025-03-30,17:43:47,Living Room
2025-03-30,17:43:47,Living Room
2025-03-30,17:43:47,Living Room
2025-03-30,17:43:47,Living Room
2025-03-30,17:43:47,Living Room
2025-03-30,17:43:47,Living Room
2025-03-30,17:43:47,Living Room
2025-03-30,17:43:48,Living Room
2025-03-30,17:43:48,Living Room
2025-03-30,17:43:48,Living Room
2025-03-30,17:43:48,Living Room
2025-03-30,17:43:48,Living Room
2025-03-30,17:43:48,Living Room
2025-03-30,17:43:48,Living Room
2025-03-30,17:43:48,Living Room
2025-03-30,17:43:48,Living Room
2025-03-30,17:43:49,Living Room
2025-03-30,17:43:49,Living Room
2025-03-30,17:43:49,Living Room
2025-03-30,17:43:49,Living Room
2025-03-30,17:43:49,Living Room
2025-03-30,17:43:49,Living Room
2025-03-30,17:43:49,Living Room
2025-03-30,17:43:49,Living Room
2025-03-30,17:43:49,Living Room
2025-03-30,17:43:50,Living Room
2025-03-30,17:43:50,Living Room
2025-03-30,17:43:50,Living Room
2025-03-30,17:43:50,Living Room
2025-03-30,17:43:50,Living Room
2025-03-30,17:43:50,Living Room
2025-03-30,17:43:50,Living Room
2025-03-30,17:43:50,Living Room
2025-03-30,17:43:50,Living Room
2025-03-30,17:43:50,Living Room
2025-03-30,17:43:51,Living Room
2025-03-30,17:43:51,Living Room
2025-03-30,17:43:51,Living Room
2025-03-30,17:43:51,Living Room
2025-03-30,17:43:51,Living Room
2025-03-30,17:43:51,Living Room
2025-03-30,17:43:51,Living Room
2025-03-30,17:43:51,Living Room
2025-03-30,17:43:51,Living Room
2025-03-30,17:43:52,Living Room
2025-03-30,17:43:52,Living Room
2025-03-30,17:43:52,Living Room
2025-03-30,17:43:52,Living Room
2025-03-30,17:43:52,Living Room
2025-03-30,17:43:52,Living Room
2025-03-30,17:43:52,Living Room
2025-03-30,17:43:52,Living Room
2025-03-30,17:43:52,Living Room
2025-03-30,17:43:53,Living Room
2025-03-30,17:43:53,Living Room
2025-03-30,17:43:53,Living Room
2025-03-30,17:43:53,Living Room
2025-03-30,17:43:53,Living Room
2025-03-30,17:43:53,Living Room
2025-03-30,17:43:53,Living Room
2025-03-30,17:43:53,Living Room
2025-03-30,17:43:53,Living Room
2025-03-30,17:43:54,Living Room
2025-03-30,17:43:54,Living Room
2025-03-30,17:43:54,Living Room
2025-03-30,17:43:54,Living Room
2025-03-30,17:43:54,Living Room
2025-03-30,17:43:54,Living Room
2025-03-30,17:43:54,Living Room
2025-03-30,17:43:54,Living Room
2025-03-30,17:43:54,Living Room
2025-03-30,17:43:54,Living Room
2025-03-30,17:43:55,Living Room
2025-03-30,17:43:55,Living Room
2025-03-30,17:43:55,Living Room
2025-03-30,17:43:55,Living Room
2025-03-30,17:43:55,Living Room
2025-03-30,17:43:55,Living Room
2025-03-30,17:43:55,Living Room
2025-03-30,17:43:55,Living Room
2025-03-30,17:43:55,Living Room
2025-03-30,17:43:56,Living Room
2025-03-30,17:43:56,Living Room
2025-03-30,17:43:56,Living Room
2025-03-30,17:43:56,Living Room
2025-03-30,17:43:56,Living Room
2025-03-30,17:43:56,Living Room
2025-03-30,17:43:56,Living Room
2025-03-30,17:43:56,Living Room
2025-03-30,17:43:56,Living Room
2025-03-30,17:43:57,Living Room
2025-03-30,17:43:57,Living Room
2025-03-30,17:43:57,Living Room
2025-03-30,17:43:57,Living Room
2025-03-30,17:43:57,Living Room
2025-03-30,17:43:57,Living Room
2025-03-30,17:43:57,Living Room
2025-03-30,17:43:57,Living Room
2025-03-30,17:43:57,Living Room
2025-03-30,17:43:57,Living Room
2025-03-30,17:43:58,Living Room
2025-03-30,17:43:58,Living Room
2025-03-30,17:43:58,Living Room
2025-03-30,17:43:58,Living Room
2025-03-30,17:43:58,Living Room
2025-03-30,17:43:58,Living Room
2025-03-30,17:43:58,Living Room
2025-03-30,17:43:58,Living Room
2025-03-30,17:43:58,Living Room
2025-03-30,17:43:59,Living Room
2025-03-30,17:43:59,Living Room
2025-03-30,17:43:59,Living Room
2025-03-30,17:43:59,Living Room
2025-03-30,17:43:59,Living Room
2025-03-30,17:43:59,Living Room
2025-03-30,17:43:59,Living Room
2025-03-30,17:43:59,Living Room
2025-03-30,17:43:59,Living Room
2025-03-30,17:44:00,Living Room
2025-03-30,17:44:00,Living Room
2025-03-30,17:44:00,Living Room
2025-03-30,17:44:00,Living Room
2025-03-30,17:44:00,Living Room
2025-03-30,17:44:00,Living Room
2025-03-30,17:44:00,Living Room
2025-03-30,17:44:00,Living Room
2025-03-30,17:44:00,Living Room
2025-03-30,17:44:01,Living Room
2025-03-30,17:44:01,Living Room
2025-03-30,17:44:01,Living Room
2025-03-30,17:44:01,Living Room
2025-03-30,17:44:01,Living Room
2025-03-30,17:44:01,Living Room
2025-03-30,17:44:01,Living Room
2025-03-30,17:44:01,Living Room
2025-03-30,17:44:01,Living Room
2025-03-30,17:44:01,Living Room
2025-03-30,17:44:02,Living Room
2025-03-30,17:44:02,Living Room
2025-03-30,17:44:02,Living Room
2025-03-30,17:44:02,Living Room
2025-03-30,17:44:02,Living Room
2025-03-30,17:44:02,Living Room
2025-03-30,17:44:02,Living Room
2025-03-30,17:44:02,Living Room
2025-03-30,17:44:02,Living Room
2025-03-30,17:44:03,Living Room
2025-03-30,17:44:04,Bedroom
2025-03-30,17:44:04,Bedroom
2025-03-30,17:44:04,Bedroom
2025-03-30,17:44:04,Bedroom
2025-03-30,17:44:04,Bedroom
2025-03-30,17:44:04,Bedroom
2025-03-30,17:44:04,Bedroom
2025-03-30,17:44:04,Bedroom
2025-03-30,17:44:04,Bedroom
2025-03-30,17:44:04,Bedroom
2025-03-30,17:44:05,Bedroom
2025-03-30,17:44:05,Bedroom
2025-03-30,17:44:05,Bedroom
2025-03-30,17:44:05,Bedroom
2025-03-30,17:44:05,Bedroom
2025-03-30,17:44:05,Bedroom
2025-03-30,17:44:05,Bedroom
2025-03-30,17:44:05,Bedroom
2025-03-30,17:44:05,Bedroom
2025-03-30,17:44:06,Bedroom
2025-03-30,17:44:06,Bedroom
2025-03-30,17:44:06,Bedroom
2025-03-30,17:44:06,Bedroom
2025-03-30,17:44:06,Bedroom
2025-03-30,17:44:06,Bedroom
2025-03-30,17:44:06,Bedroom
2025-03-30,17:44:06,Bedroom
2025-03-30,17:44:06,Bedroom
2025-03-30,17:44:07,Bedroom
2025-03-30,17:44:07,Bedroom
2025-03-30,17:44:07,Bedroom
2025-03-30,17:44:07,Living Room
2025-03-30,17:44:07,Living Room
2025-03-30,17:44:07,Living Room
2025-03-30,17:44:08,Living Room
2025-03-30,17:44:08,Living Room
2025-03-30,17:44:08,Living Room
2025-03-30,17:44:08,Living Room
2025-03-30,17:44:08,Living Room
2025-03-30,17:44:08,Living Room
2025-03-30,17:44:08,Living Room
2025-03-30,17:44:08,Living Room
2025-03-30,17:44:08,Living Room
2025-03-30,17:44:09,Living Room
2025-03-30,17:44:09,Living Room
2025-03-30,17:44:09,Living Room
2025-03-30,17:44:09,Living Room
2025-03-30,17:44:09,Living Room
2025-03-30,17:44:09,Living Room
2025-03-30,17:44:09,Living Room
2025-03-30,17:44:09,Living Room
2025-03-30,17:44:09,Living Room
2025-03-30,17:44:09,Living Room
2025-03-30,17:44:10,Living Room
2025-03-30,17:44:10,Living Room
2025-03-30,17:44:10,Living Room
2025-03-30,17:44:10,Living Room
2025-03-30,17:44:10,Living Room
2025-03-30,17:44:10,Living Room
2025-03-30,17:44:10,Living Room
2025-03-30,17:44:10,Living Room
2025-03-30,17:44:10,Living Room
2025-03-30,17:44:11,Living Room
2025-03-30,17:44:11,Living Room
2025-03-30,17:44:11,Living Room
date,time,region
2025-03-30,17:44:57,Living Room
2025-03-30,17:44:57,Living Room
2025-03-30,17:44:58,Living Room
2025-03-30,17:44:58,Living Room
2025-03-30,17:44:58,Living Room
2025-03-30,17:44:58,Living Room
2025-03-30,17:44:58,Living Room
2025-03-30,17:44:58,Living Room
2025-03-30,17:44:58,Living Room
2025-03-30,17:44:58,Living Room
2025-03-30,17:44:58,Living Room
2025-03-30,17:44:58,Living Room
2025-03-30,17:44:59,Living Room
2025-03-30,17:44:59,Living Room
2025-03-30,17:44:59,Living Room
2025-03-30,17:44:59,Living Room
2025-03-30,17:44:59,Living Room
2025-03-30,17:44:59,Living Room
2025-03-30,17:44:59,Living Room
2025-03-30,17:44:59,Living Room
2025-03-30,17:44:59,Living Room
2025-03-30,17:45:00,Living Room
2025-03-30,17:45:00,Living Room
2025-03-30,17:45:00,Living Room
2025-03-30,17:45:00,Living Room
2025-03-30,17:45:00,Living Room
2025-03-30,17:45:00,Living Room
2025-03-30,17:45:00,Living Room
2025-03-30,17:45:00,Living Room
2025-03-30,17:45:00,Living Room
2025-03-30,17:45:01,Living Room
2025-03-30,17:45:01,Living Room
2025-03-30,17:45:01,Living Room
2025-03-30,17:45:01,Living Room
2025-03-30,17:45:01,Living Room
2025-03-30,17:45:01,Living Room
2025-03-30,17:45:01,Living Room
2025-03-30,17:45:01,Living Room
2025-03-30,17:45:01,Living Room
2025-03-30,17:45:01,Living Room
2025-03-30,17:45:02,Living Room
2025-03-30,17:45:02,Living Room
2025-03-30,17:45:02,Living Room
2025-03-30,17:45:02,Living Room
2025-03-30,17:45:02,Living Room
2025-03-30,17:45:02,Living Room
2025-03-30,17:45:02,Living Room
2025-03-30,17:45:02,Living Room
2025-03-30,17:45:02,Living Room
2025-03-30,17:45:03,Living Room
2025-03-30,17:45:03,Living Room
2025-03-30,17:45:03,Living Room
2025-03-30,17:45:03,Living Room
2025-03-30,17:45:03,Living Room
2025-03-30,17:45:03,Living Room
2025-03-30,17:45:03,Living Room
2025-03-30,17:45:03,Living Room
2025-03-30,17:45:03,Living Room
2025-03-30,17:45:04,Living Room
2025-03-30,17:45:04,Living Room
2025-03-30,17:45:04,Living Room
2025-03-30,17:45:04,Living Room
2025-03-30,17:45:04,Living Room
2025-03-30,17:45:04,Living Room
2025-03-30,17:45:05,Bedroom
2025-03-30,17:45:05,Bedroom
2025-03-30,17:45:05,Bedroom
2025-03-30,17:45:05,Bedroom
2025-03-30,17:45:05,Bedroom
2025-03-30,17:45:05,Bedroom
2025-03-30,17:45:05,Bedroom
2025-03-30,17:45:05,Bedroom
2025-03-30,17:45:05,Bedroom
2025-03-30,17:45:05,Bedroom
2025-03-30,17:45:06,Bedroom
2025-03-30,17:45:06,Bedroom
2025-03-30,17:45:06,Bedroom
2025-03-30,17:45:06,Bedroom
2025-03-30,17:45:06,Bedroom
2025-03-30,17:45:06,Bedroom
2025-03-30,17:45:06,Bedroom
2025-03-30,17:45:06,Bedroom
2025-03-30,17:45:06,Bedroom
2025-03-30,17:45:07,Bedroom
2025-03-30,17:45:07,Bedroom
2025-03-30,17:45:07,Bedroom
2025-03-30,17:45:07,Bedroom
2025-03-30,17:45:07,Bedroom
2025-03-30,17:45:07,Bedroom
2025-03-30,17:45:07,Bedroom
2025-03-30,17:45:07,Bedroom
2025-03-30,17:45:07,Bedroom
2025-03-30,17:45:07,Bedroom
2025-03-30,17:45:08,Bedroom
2025-03-30,17:45:08,Bedroom
2025-03-30,17:45:08,Bedroom
2025-03-30,17:45:08,Bedroom
2025-03-30,17:45:08,Bedroom
2025-03-30,17:45:08,Living Room
2025-03-30,17:45:08,Living Room
2025-03-30,17:45:09,Living Room
2025-03-30,17:45:09,Living Room
2025-03-30,17:45:09,Living Room
2025-03-30,17:45:09,Living Room
2025-03-30,17:45:09,Living Room
2025-03-30,17:45:09,Living Room
2025-03-30,17:45:09,Living Room
2025-03-30,17:45:09,Kitchen
2025-03-30,17:45:09,Kitchen
2025-03-30,17:45:10,Kitchen
2025-03-30,17:45:10,Kitchen
2025-03-30,17:45:12,Living Room
2025-03-30,17:45:12,Living Room
2025-03-30,17:45:12,Living Room
2025-03-30,17:45:12,Living Room
2025-03-30,17:45:12,Living Room
2025-03-30,17:45:12,Living Room
2025-03-30,17:45:12,Living Room
2025-03-30,17:45:12,Living Room
2025-03-30,17:45:12,Living Room
2025-03-30,17:45:13,Living Room
2025-03-30,17:45:13,Living Room
2025-03-30,17:45:13,Living Room
2025-03-30,17:45:13,Living Room
2025-03-30,17:45:13,Living Room
2025-03-30,17:45:13,Living Room
2025-03-30,17:45:13,Living Room
2025-03-30,17:45:13,Living Room
2025-03-30,17:45:13,Living Room
2025-03-30,17:45:14,Living Room
2025-03-30,17:45:14,Living Room
2025-03-30,17:45:14,Living Room
2025-03-30,17:45:14,Living Room
2025-03-30,17:45:14,Living Room
2025-03-30,17:45:14,Living Room
2025-03-30,17:45:14,Living Room
2025-03-30,17:45:14,Living Room
2025-03-30,17:45:14,Living Room
2025-03-30,17:45:15,Kitchen
2025-03-30,17:45:15,Kitchen
2025-03-30,17:45:15,Kitchen
2025-03-30,17:45:15,Kitchen
2025-03-30,17:45:15,Kitchen
2025-03-30,17:45:15,Kitchen
2025-03-30,17:45:15,Kitchen
2025-03-30,17:45:15,Kitchen
2025-03-30,17:45:15,Kitchen
2025-03-30,17:45:16,Kitchen
2025-03-30,17:45:16,Kitchen
2025-03-30,17:45:16,Kitchen
2025-03-30,17:45:16,Kitchen
2025-03-30,17:45:16,Kitchen
2025-03-30,17:45:16,Kitchen
2025-03-30,17:45:16,Kitchen
2025-03-30,17:45:16,Kitchen
2025-03-30,17:45:16,Kitchen
2025-03-30,17:45:17,Kitchen
2025-03-30,17:45:17,Kitchen
2025-03-30,17:45:17,Kitchen
2025-03-30,17:45:17,Kitchen
2025-03-30,17:45:17,Kitchen
2025-03-30,17:45:17,Kitchen
2025-03-30,17:45:17,Kitchen
2025-03-30,17:45:17,Kitchen
2025-03-30,17:45:17,Kitchen
2025-03-30,17:45:17,Kitchen
2025-03-30,17:45:18,Kitchen
2025-03-30,17:45:18,Living Room
2025-03-30,17:45:18,Living Room
2025-03-30,17:45:18,Living Room
2025-03-30,17:45:18,Living Room
2025-03-30,17:45:18,Living Room
2025-03-30,17:45:18,Living Room
2025-03-30,17:45:18,Living Room
2025-03-30,17:45:19,Living Room
2025-03-30,17:45:19,Living Room
2025-03-30,17:45:19,Living Room
2025-03-30,17:45:19,Living Room
2025-03-30,17:45:19,Living Room
2025-03-30,17:45:19,Living Room
2025-03-30,17:45:19,Living Room
2025-03-30,17:45:19,Living Room
2025-03-30,17:45:19,Living Room
2025-03-30,17:45:20,Living Room
2025-03-30,17:45:20,Living Room
2025-03-30,17:45:20,Living Room
2025-03-30,17:45:20,Living Room
2025-03-30,17:45:20,Living Room
2025-03-30,17:45:20,Living Room
2025-03-30,17:45:20,Living Room
2025-03-30,17:45:20,Living Room
2025-03-30,17:45:20,Living Room
2025-03-30,17:45:21,Living Room
2025-03-30,17:45:21,Living Room
2025-03-30,17:45:21,Living Room
2025-03-30,17:45:21,Living Room
2025-03-30,17:45:21,Living Room
2025-03-30,17:45:21,Living Room
2025-03-30,17:45:21,Living Room
2025-03-30,17:45:21,Living Room
2025-03-30,17:45:21,Living Room
2025-03-30,17:45:22,Living Room
2025-03-30,17:45:22,Living Room
2025-03-30,17:45:22,Living Room
2025-03-30,17:45:22,Living Room
2025-03-30,17:45:22,Living Room
2025-03-30,17:45:22,Living Room
2025-03-30,17:45:22,Living Room
2025-03-30,17:45:22,Living Room
2025-03-30,17:45:22,Living Room
2025-03-30,17:45:22,Living Room
2025-03-30,17:45:23,Living Room
2025-03-30,17:45:23,Living Room
2025-03-30,17:45:23,Living Room
2025-03-30,17:45:23,Living Room
2025-03-30,17:45:23,Living Room
2025-03-30,17:45:23,Living Room
2025-03-30,17:45:23,Living Room
2025-03-30,17:45:23,Living Room
2025-03-30,17:45:23,Living Room
2025-03-30,17:45:24,Living Room
2025-03-30,17:45:24,Living Room
2025-03-30,17:45:24,Living Room
2025-03-30,17:45:24,Living Room
2025-03-30,17:45:24,Living Room
2025-03-30,17:45:24,Living Room
2025-03-30,17:45:24,Living Room
2025-03-30,17:45:24,Living Room
2025-03-30,17:45:24,Living Room
2025-03-30,17:45:25,Living Room
2025-03-30,17:45:25,Living Room
2025-03-30,17:45:25,Living Room
2025-03-30,17:45:25,Living Room
2025-03-30,17:45:25,Living Room
2025-03-30,17:45:25,Living Room
2025-03-30,17:45:25,Living Room
2025-03-30,17:45:25,Living Room
2025-03-30,17:45:25,Living Room
2025-03-30,17:45:25,Living Room
2025-03-30,17:45:26,Living Room
date,time,region
2025-03-30,17:47:39,Living Room
2025-03-30,17:47:39,Living Room
2025-03-30,17:47:39,Living Room
2025-03-30,17:47:39,Living Room
2025-03-30,17:47:39,Living Room
2025-03-30,17:47:39,Living Room
2025-03-30,17:47:39,Living Room
2025-03-30,17:47:39,Living Room
2025-03-30,17:47:40,Living Room
2025-03-30,17:47:40,Living Room
2025-03-30,17:47:40,Living Room
2025-03-30,17:47:40,Living Room
2025-03-30,17:47:40,Living Room
2025-03-30,17:47:40,Living Room
2025-03-30,17:47:40,Living Room
2025-03-30,17:47:40,Living Room
2025-03-30,17:47:40,Living Room
2025-03-30,17:47:40,Living Room
2025-03-30,17:47:41,Living Room
2025-03-30,17:47:41,Living Room
2025-03-30,17:47:41,Living Room
2025-03-30,17:47:41,Living Room
2025-03-30,17:47:41,Living Room
2025-03-30,17:47:41,Living Room
2025-03-30,17:47:41,Living Room
2025-03-30,17:47:41,Living Room
2025-03-30,17:47:41,Living Room
2025-03-30,17:47:42,Living Room
2025-03-30,17:47:42,Living Room
2025-03-30,17:47:42,Living Room
2025-03-30,17:47:42,Living Room
2025-03-30,17:47:42,Living Room
2025-03-30,17:47:42,Living Room
2025-03-30,17:47:42,Living Room
2025-03-30,17:47:42,Living Room
2025-03-30,17:47:42,Living Room
2025-03-30,17:47:42,Living Room
2025-03-30,17:47:43,Living Room
2025-03-30,17:47:43,Living Room
2025-03-30,17:47:43,Living Room
2025-03-30,17:47:43,Living Room
2025-03-30,17:47:43,Living Room
2025-03-30,17:47:43,Living Room
2025-03-30,17:47:43,Living Room
2025-03-30,17:47:43,Living Room
2025-03-30,17:47:43,Living Room
2025-03-30,17:47:43,Living Room
2025-03-30,17:47:44,Living Room
2025-03-30,17:47:44,Living Room
2025-03-30,17:47:44,Living Room
2025-03-30,17:47:44,Living Room
2025-03-30,17:47:44,Living Room
2025-03-30,17:47:44,Living Room
2025-03-30,17:47:44,Living Room
2025-03-30,17:47:44,Living Room
2025-03-30,17:47:44,Living Room
2025-03-30,17:47:45,Living Room
2025-03-30,17:47:45,Living Room
2025-03-30,17:47:45,Living Room
2025-03-30,17:47:45,Living Room
2025-03-30,17:47:45,Living Room
2025-03-30,17:47:45,Living Room
2025-03-30,17:47:45,Living Room
2025-03-30,17:47:45,Living Room
2025-03-30,17:47:45,Living Room
2025-03-30,17:47:46,Living Room
2025-03-30,17:47:46,Living Room
2025-03-30,17:47:46,Living Room
2025-03-30,17:47:48,Bedroom
2025-03-30,17:47:48,Bedroom
2025-03-30,17:47:48,Bedroom
2025-03-30,17:47:49,Bedroom
2025-03-30,17:47:50,Bedroom
2025-03-30,17:47:50,Bedroom
2025-03-30,17:47:50,Bedroom
2025-03-30,17:47:50,Bedroom
2025-03-30,17:47:51,Bedroom
2025-03-30,17:47:51,Bedroom
2025-03-30,17:47:51,Bedroom
2025-03-30,17:47:51,Bedroom
2025-03-30,17:47:51,Bedroom
2025-03-30,17:47:51,Bedroom
2025-03-30,17:47:51,Bedroom
2025-03-30,17:47:51,Bedroom
2025-03-30,17:47:51,Bedroom
2025-03-30,17:47:52,Bedroom
2025-03-30,17:47:52,Bedroom
2025-03-30,17:47:52,Bedroom
2025-03-30,17:47:52,Bedroom
2025-03-30,17:47:52,Bedroom
2025-03-30,17:47:52,Bedroom
2025-03-30,17:47:52,Bedroom
2025-03-30,17:47:52,Bedroom
2025-03-30,17:47:52,Bedroom
2025-03-30,17:47:52,Bedroom
2025-03-30,17:47:53,Bedroom
2025-03-30,17:47:53,Bedroom
2025-03-30,17:47:53,Bedroom
2025-03-30,17:47:53,Bedroom
2025-03-30,17:47:53,Bedroom
2025-03-30,17:47:53,Bedroom
2025-03-30,17:47:53,Bedroom
2025-03-30,17:47:53,Bedroom
2025-03-30,17:47:53,Bedroom
2025-03-30,17:47:54,Bedroom
2025-03-30,17:47:54,Bedroom
2025-03-30,17:47:54,Bedroom
2025-03-30,17:47:54,Bedroom
2025-03-30,17:47:54,Bedroom
2025-03-30,17:47:54,Bedroom
2025-03-30,17:47:54,Bedroom
2025-03-30,17:47:54,Bedroom
2025-03-30,17:47:54,Bedroom
2025-03-30,17:47:55,Bedroom
2025-03-30,17:47:55,Bedroom
2025-03-30,17:47:55,Bedroom
2025-03-30,17:47:55,Bedroom
2025-03-30,17:47:55,Bedroom
2025-03-30,17:47:55,Bedroom
2025-03-30,17:47:55,Bedroom
2025-03-30,17:47:55,Bedroom
2025-03-30,17:47:55,Bedroom
2025-03-30,17:47:55,Bedroom
2025-03-30,17:47:56,Bedroom
2025-03-30,17:47:56,Bedroom
2025-03-30,17:47:56,Bedroom
2025-03-30,17:47:56,Bedroom
2025-03-30,17:47:56,Bedroom
2025-03-30,17:47:56,Bedroom
2025-03-30,17:47:56,Bedroom
2025-03-30,17:47:56,Bedroom
2025-03-30,17:47:56,Bedroom
2025-03-30,17:47:57,Bedroom
2025-03-30,17:47:57,Bedroom
2025-03-30,17:47:57,Bedroom
2025-03-30,17:47:57,Bedroom
2025-03-30,17:47:57,Bedroom
2025-03-30,17:47:57,Bedroom
2025-03-30,17:47:57,Bedroom
2025-03-30,17:47:57,Bedroom
2025-03-30,17:47:57,Bedroom
2025-03-30,17:47:57,Bedroom
2025-03-30,17:47:58,Bedroom
2025-03-30,17:47:58,Bedroom
2025-03-30,17:47:58,Bedroom
2025-03-30,17:47:58,Bedroom
2025-03-30,17:47:58,Bedroom
2025-03-30,17:47:59,Bedroom
2025-03-30,17:47:59,Bedroom
2025-03-30,17:47:59,Bedroom
2025-03-30,17:47:59,Bedroom
2025-03-30,17:47:59,Bedroom
2025-03-30,17:47:59,Bedroom
2025-03-30,17:47:59,Bedroom
2025-03-30,17:47:59,Bedroom
2025-03-30,17:47:59,Bedroom
2025-03-30,17:47:59,Bedroom
2025-03-30,17:48:00,Bedroom
2025-03-30,17:48:00,Bedroom
2025-03-30,17:48:00,Bedroom
2025-03-30,17:48:00,Bedroom
2025-03-30,17:48:00,Bedroom
2025-03-30,17:48:00,Bedroom
2025-03-30,17:48:00,Bedroom
2025-03-30,17:48:00,Bedroom
2025-03-30,17:48:00,Bedroom
2025-03-30,17:48:01,Bedroom
2025-03-30,17:48:01,Bedroom
2025-03-30,17:48:01,Bedroom
2025-03-30,17:48:01,Bedroom
2025-03-30,17:48:01,Bedroom
2025-03-30,17:48:01,Bedroom
2025-03-30,17:48:01,Bedroom
2025-03-30,17:48:01,Bedroom
2025-03-30,17:48:01,Bedroom
2025-03-30,17:48:02,Bedroom
2025-03-30,17:48:02,Bedroom
2025-03-30,17:48:02,Bedroom
2025-03-30,17:48:02,Bedroom
2025-03-30,17:48:02,Bedroom
2025-03-30,17:48:02,Bedroom
2025-03-30,17:48:02,Bedroom
2025-03-30,17:48:03,Living Room
2025-03-30,17:48:03,Living Room
2025-03-30,17:48:03,Living Room
2025-03-30,17:48:03,Living Room
2025-03-30,17:48:03,Living Room
2025-03-30,17:48:03,Living Room
2025-03-30,17:48:03,Living Room
2025-03-30,17:48:03,Living Room
2025-03-30,17:48:03,Living Room
2025-03-30,17:48:04,Living Room
2025-03-30,17:48:04,Living Room
2025-03-30,17:48:04,Living Room
2025-03-30,17:48:04,Living Room
2025-03-30,17:48:04,Living Room
2025-03-30,17:48:04,Living Room
2025-03-30,17:48:04,Living Room
2025-03-30,17:48:04,Living Room
2025-03-30,17:48:04,Living Room
2025-03-30,17:48:04,Living Room
2025-03-30,17:48:05,Living Room
2025-03-30,17:48:05,Living Room
2025-03-30,17:48:05,Living Room
2025-03-30,17:48:05,Living Room
2025-03-30,17:48:05,Living Room
2025-03-30,17:48:05,Living Room
2025-03-30,17:48:05,Living Room
2025-03-30,17:48:05,Living Room
2025-03-30,17:48:05,Living Room
2025-03-30,17:48:06,Living Room
2025-03-30,17:48:06,Living Room
2025-03-30,17:48:06,Living Room
2025-03-30,17:48:06,Living Room
2025-03-30,17:48:06,Living Room
2025-03-30,17:48:06,Living Room
2025-03-30,17:48:06,Living Room
2025-03-30,17:48:06,Living Room
2025-03-30,17:48:06,Living Room
2025-03-30,17:48:07,Living Room
2025-03-30,17:48:07,Living Room
2025-03-30,17:48:07,Living Room
2025-03-30,17:48:07,Living Room
2025-03-30,17:48:07,Living Room
2025-03-30,17:48:07,Kitchen
2025-03-30,17:48:07,Kitchen
2025-03-30,17:48:07,Kitchen
2025-03-30,17:48:07,Kitchen
2025-03-30,17:48:08,Kitchen
2025-03-30,17:48:08,Kitchen
2025-03-30,17:48:08,Kitchen
2025-03-30,17:48:08,Living Room
2025-03-30,17:48:08,Living Room
2025-03-30,17:48:08,Living Room
2025-03-30,17:48:08,Living Room
2025-03-30,17:48:08,Living Room
2025-03-30,17:48:09,Living Room
2025-03-30,17:48:09,Living Room
2025-03-30,17:48:09,Living Room
2025-03-30,17:48:09,Living Room
2025-03-30,17:48:09,Kitchen
2025-03-30,17:48:09,Kitchen
2025-03-30,17:48:09,Kitchen
2025-03-30,17:48:09,Kitchen
2025-03-30,17:48:10,Kitchen
2025-03-30,17:48:10,Kitchen
2025-03-30,17:48:10,Kitchen
2025-03-30,17:48:10,Kitchen
2025-03-30,17:48:10,Kitchen
2025-03-30,17:48:10,Kitchen
2025-03-30,17:48:10,Kitchen
2025-03-30,17:48:10,Kitchen
2025-03-30,17:48:10,Kitchen
2025-03-30,17:48:11,Kitchen
2025-03-30,17:48:11,Kitchen
2025-03-30,17:48:11,Kitchen
2025-03-30,17:48:11,Kitchen
2025-03-30,17:48:11,Kitchen
2025-03-30,17:48:11,Kitchen
2025-03-30,17:48:11,Kitchen
2025-03-30,17:48:11,Kitchen
2025-03-30,17:48:11,Kitchen
2025-03-30,17:48:12,Living Room
2025-03-30,17:48:12,Living Room
2025-03-30,17:48:12,Living Room
2025-03-30,17:48:12,Living Room
2025-03-30,17:48:12,Living Room
2025-03-30,17:48:12,Living Room
2025-03-30,17:48:12,Living Room
2025-03-30,17:48:12,Living Room
2025-03-30,17:48:12,Living Room
2025-03-30,17:48:12,Living Room
2025-03-30,17:48:13,Living Room
2025-03-30,17:48:13,Living Room
2025-03-30,17:48:13,Living Room
2025-03-30,17:48:13,Living Room
2025-03-30,17:48:13,Living Room
2025-03-30,17:48:13,Living Room
2025-03-30,17:48:13,Living Room
2025-03-30,17:48:13,Living Room
2025-03-30,17:48:13,Living Room
2025-03-30,17:48:13,Living Room
2025-03-30,17:48:14,Living Room
2025-03-30,17:48:14,Living Room
2025-03-30,17:48:14,Living Room
2025-03-30,17:48:14,Living Room
2025-03-30,17:48:14,Living Room
2025-03-30,17:48:14,Living Room
2025-03-30,17:48:14,Living Room
2025-03-30,17:48:14,Living Room
2025-03-30,17:48:14,Living Room
2025-03-30,17:48:14,Living Room
2025-03-30,17:48:15,Living Room
2025-03-30,17:48:15,Living Room
2025-03-30,17:48:15,Living Room
2025-03-30,17:48:15,Living Room
2025-03-30,17:48:15,Living Room
2025-03-30,17:48:15,Living Room
2025-03-30,17:48:15,Living Room
2025-03-30,17:48:15,Living Room
2025-03-30,17:48:15,Living Room
2025-03-30,17:48:15,Living Room
2025-03-30,17:48:16,Living Room
2025-03-30,17:48:16,Living Room
2025-03-30,17:48:16,Living Room
2025-03-30,17:48:16,Living Room
2025-03-30,17:48:16,Living Room
